Y	2655143	792	0	0	0
Y	2655180	1	0	760	0
Y	2657176	0	476	0	0
Y	2657349	0	0	0	449
Y	2657370	0	1	0	0
Y	2657404	0	522	0	0
Y	2658864	0	0	46	0
Y	2658869	0	0	33	0
Y	2663920	16	0	1	0
Y	2663943	0	365	0	0
Y	2667728	0	0	408	0
Y	2667783	0	465	0	0
Y	2669716	0	2	0	0
Y	2687198	0	0	4	0
Y	2696497	0	143	0	1
Y	2696538	0	0	159	0
Y	2697625	0	0	13	0
Y	2710154	0	0	22	0
Y	2710184	0	31	0	0
Y	2711408	0	1229	0	0
Y	2726356	0	431	0	0
Y	2726402	0	0	0	313
Y	2734854	0	33	0	0
Y	2736732	0	0	0	235
Y	2736767	0	0	1	0
Y	2745533	583	0	0	0
Y	2745572	0	530	0	0
Y	2749995	0	0	0	172
Y	2750000	0	0	0	79
Y	2751678	1	0	0	0
Y	2759285	0	242	0	0
Y	2790726	0	3	0	0
Y	2815303	0	45	0	0
Y	2815306	0	0	59	0
Y	2821786	0	0	75	0
Y	2826312	222	0	0	0
Y	2826363	0	0	26	0
Y	2828196	0	0	0	399
Y	2828425	60	0	0	0
Y	2852640	0	0	0	165
Y	2877479	503	0	1	0
Y	2877492	0	0	0	521
Y	2883986	0	0	0	30
Y	2884029	0	0	0	45
Y	2884081	0	0	0	42
Y	2887156	0	273	0	0
Y	2887197	8	0	0	0
Y	2887198	0	0	10	0
Y	2887269	0	1	0	97
Y	2887279	0	72	0	0
Y	2887280	0	95	0	0
Y	2887377	0	88	0	0
Y	2887401	0	0	0	2
Y	2887804	0	471	0	0
Y	2887822	0	183	0	0
Y	2887824	287	0	0	0
Y	2887863	283	0	0	0
Y	2887913	0	0	0	392
Y	2887974	0	22	0	0
Y	2888033	0	347	0	0
Y	2888065	0	165	0	0
Y	2888083	0	258	0	0
Y	2888130	0	1	0	0
Y	2888150	0	140	0	0
Y	2888165	52	0	0	0
Y	2888203	0	21	0	0
Y	2888212	0	0	0	82
Y	2888228	0	13	0	0
Y	2888252	0	50	0	0
Y	2888277	0	102	0	0
Y	2888300	0	93	0	0
Y	2889989	0	0	1	0
Y	2889994	0	0	1	0
Y	3436403	0	0	0	1
Y	3436409	0	0	0	1
Y	3436413	0	0	0	1
Y	3436428	0	1	0	0
Y	3436442	0	0	1	0
Y	4078217	0	97	0	0
Y	4862861	0	11	0	0
Y	4898665	0	0	19	0
Y	5359116	0	190	0	0
Y	5675090	0	283	0	0
Y	5755550	0	8	0	0
Y	6630453	0	0	234	0
Y	6631743	0	295	0	0
Y	6631746	0	1	0	339
Y	6637010	19	0	0	0
Y	6637064	0	87	0	0
Y	6680599	0	0	0	4
Y	6736154	0	79	0	0
Y	6736443	0	17	0	0
Y	6739899	0	123	0	0
Y	6739914	0	120	0	0
Y	6740034	1	11	0	0
Y	6740052	0	23	0	0
Y	6740065	0	50	0	0
Y	6740377	219	0	0	0
Y	6740387	0	0	269	0
Y	6740428	0	0	235	0
Y	6766347	0	0	30	0
Y	6766411	0	0	0	587
Y	6766724	0	267	0	0
Y	6766753	351	0	0	0
Y	6766774	0	18	0	0
Y	6768265	0	0	468	0
Y	6788191	0	0	401	0
Y	6788390	0	512	0	3
Y	6790169	0	0	281	0
Y	6790204	0	253	0	0
Y	6790237	0	0	0	276
Y	6804892	0	0	0	43
Y	6814246	0	0	0	75
Y	6817129	4	0	0	0
Y	6818291	0	256	0	0
Y	6822948	0	534	0	0
Y	6822961	0	0	15	0
Y	6823083	1	0	0	0
Y	6823099	1	0	0	0
Y	6842263	1	0	512	0
Y	6845936	0	1	0	984
Y	6845955	0	0	852	0
Y	6846280	0	57	0	0
Y	6851471	0	8	0	0
Y	6859497	0	0	0	117
Y	6859558	0	357	0	0
Y	6859957	0	0	0	413
Y	6859963	0	391	0	1
Y	6870773	0	626	0	0
Y	6870801	0	0	678	0
Y	6874115	0	101	0	0
Y	6875167	0	0	26	0
Y	6875257	0	0	0	17
Y	6890722	0	0	0	326
Y	6890741	0	0	60	0
Y	6893070	78	0	0	0
Y	6893093	198	0	0	0
Y	6893107	0	0	178	0
Y	6894187	0	516	0	0
Y	6904480	0	0	0	1
Y	6904485	0	1	0	0
Y	6906304	0	0	0	2
Y	6906332	0	0	5	0
Y	6931700	167	0	0	0
Y	6931719	141	0	1	0
Y	6931752	0	217	0	0
Y	6931809	0	76	0	0
Y	6931864	0	1	0	0
Y	6931865	0	1	0	0
Y	6931895	0	76	0	0
Y	6931939	192	0	0	0
Y	6931957	0	0	139	0
Y	6931960	0	0	85	0
Y	6931982	0	0	214	0
Y	6932007	0	0	217	0
Y	6932017	0	0	210	0
Y	6932135	0	0	0	224
Y	6932141	0	0	260	0
Y	6932146	0	0	243	0
Y	6932148	0	0	317	0
Y	6932163	0	0	217	0
Y	6932169	0	0	336	0
Y	6932171	0	0	408	0
Y	6932176	0	0	415	0
Y	6932191	0	0	412	0
Y	6932199	0	0	369	0
Y	6932212	0	0	236	0
Y	6932258	0	373	0	0
Y	6932630	189	0	1	0
Y	6932648	0	187	0	0
Y	6932663	0	329	0	0
Y	6932674	0	0	0	421
Y	6932676	0	0	378	0
Y	6932688	0	0	2	0
Y	6932750	0	0	3	0
Y	6932773	0	0	0	3
Y	6932776	0	0	3	0
Y	6932811	0	0	0	172
Y	6932813	0	0	180	0
Y	6932821	0	0	60	0
Y	6932824	0	0	154	0
Y	6932828	0	0	0	158
Y	6932829	0	0	175	0
Y	6932831	180	0	0	0
Y	6932855	8	0	0	0
Y	6982169	199	0	0	0
Y	6982191	0	223	0	0
Y	6997451	0	331	0	0
Y	7014317	0	0	1053	0
Y	7173131	0	124	0	0
Y	7173143	38	0	0	0
Y	7185027	0	0	0	17
Y	7186135	0	0	119	0
Y	7186144	0	0	0	237
Y	7193034	0	0	5	0
Y	7202703	0	0	0	472
Y	7202706	0	807	0	0
Y	7243082	0	9	0	0
Y	7271722	0	455	0	0
Y	7271725	0	0	0	333
Y	7281157	0	4	0	0
Y	7290454	0	0	105	0
Y	7290503	0	0	19	0
Y	7290507	0	0	0	27
Y	7291534	0	0	703	0
Y	7340391	252	0	0	0
Y	7340450	0	277	0	0
Y	7372423	0	295	0	0
Y	7372476	368	0	0	0
Y	7372494	0	8	0	0
Y	7410009	1	0	0	507
Y	7410059	0	390	0	1
Y	7421428	0	103	0	0
Y	7508082	0	0	558	0
Y	7508107	0	230	0	0
Y	7536613	0	255	0	0
Y	7536663	87	0	0	0
Y	7537891	0	1	0	0
Y	7537950	0	1	0	0
Y	7546726	0	0	89	0
Y	7546737	0	0	0	8
Y	7552356	0	0	41	0
Y	7568568	0	2	0	0
Y	7570816	0	0	1053	0
Y	7570822	0	696	0	0
Y	7583448	0	193	0	0
Y	7583480	1	0	316	0
Y	7589247	196	0	0	0
Y	7589303	0	0	0	56
Y	7599027	348	0	0	0
Y	7606091	0	0	9	0
Y	7606120	0	2	0	326
Y	7628484	0	82	0	0
Y	7629205	0	858	0	0
Y	7629512	0	5	0	0
Y	7629532	3	0	0	0
Y	7659777	9	0	0	0
Y	7683005	0	536	0	0
Y	7683058	0	0	287	0
Y	7690182	73	0	0	0
Y	7690204	0	0	0	73
Y	7691561	0	1	0	338
Y	7729622	0	0	1000	0
Y	7743604	141	0	0	0
Y	7769194	0	170	0	0
Y	7771358	0	236	0	0
Y	7801742	0	728	0	0
Y	7801788	0	682	0	0
Y	7842079	0	534	0	0
Y	7855252	0	453	0	0
Y	7877119	0	0	384	0
Y	7877190	0	0	8	0
Y	7877472	0	0	644	0
Y	7879415	663	0	1	0
Y	7882781	0	44	0	0
Y	7882829	0	0	60	0
Y	7897013	0	0	294	0
Y	7962968	0	9	0	0
Y	7962973	0	0	6	0
Y	7962998	0	0	0	58
Y	7963031	0	0	36	0
Y	8009729	0	0	1	0
Y	8019695	0	1	0	0
Y	8053436	0	0	0	1
Y	8073670	0	0	320	0
Y	8087573	14	0	0	0
Y	8148869	0	0	213	0
Y	8156853	0	0	70	0
Y	8156900	0	1	0	141
Y	8210480	0	1	0	520
Y	8210501	0	447	0	0
Y	8245045	0	524	0	0
Y	8245098	554	0	0	0
Y	8246564	0	0	1	0
Y	8246586	0	0	1	0
Y	8265690	0	0	5	2
Y	8265737	0	0	1167	0
Y	8307134	221	0	0	0
Y	8307194	0	0	281	0
Y	8391078	91	0	0	0
Y	8391108	0	0	52	0
Y	8432091	0	31	0	0
Y	8440389	0	15	0	0
Y	8440399	0	1	0	263
Y	8440417	0	344	0	0
Y	8445140	0	0	1	0
Y	8454119	0	0	216	0
Y	8454145	115	0	0	0
Y	8454150	84	0	0	0
Y	8467026	0	0	56	0
Y	8467053	0	0	468	0
Y	8467077	0	0	485	0
Y	8467082	0	245	0	0
Y	8467095	0	0	0	2
Y	8467136	0	0	355	0
Y	8467139	0	0	494	0
Y	8467166	0	334	0	0
Y	8467167	0	0	347	0
Y	8467196	0	0	29	0
Y	8467272	0	0	322	0
Y	8467274	0	0	0	407
Y	8467283	0	0	473	0
Y	8467290	0	0	0	457
Y	8474189	0	1	0	0
Y	8491335	0	0	0	133
Y	8502236	757	0	0	0
Y	8510540	0	444	0	0
Y	8529549	0	348	0	0
Y	8533735	1	0	616	0
Y	8533761	0	0	526	0
Y	8557714	0	1	0	673
Y	8557727	0	1	0	639
Y	8576009	262	0	0	0
Y	8588984	0	10	0	0
Y	8588985	0	0	10	0
Y	8589031	0	0	0	76
Y	8614194	617	0	0	0
Y	8614242	0	422	0	0
Y	8614265	0	104	0	0
Y	8619592	0	0	23	0
Y	8620324	0	0	28	0
Y	8624363	0	0	0	1
Y	8626800	0	0	2	0
Y	8626816	0	0	2	0
Y	8685231	0	0	657	0
Y	8717196	0	37	0	0
Y	8736303	0	521	0	0
Y	8736318	0	0	488	0
Y	8736334	0	0	428	0
Y	8796078	0	17	0	0
Y	8796086	14	0	0	0
Y	8852789	0	0	0	60
Y	8852858	0	427	0	3
Y	8855214	16	0	0	0
Y	8889397	0	0	0	13
Y	8889649	0	0	0	1
Y	9004921	0	0	1	0
Y	9021137	0	0	0	184
Y	9021198	0	114	0	0
Y	9071774	0	0	1	0
Y	9071809	1	0	0	0
Y	9071899	0	0	1	0
Y	9089648	0	617	0	2
Y	9170505	0	0	37	0
Y	9170545	278	0	1	0
Y	9170563	0	0	168	0
Y	9170598	0	0	157	0
Y	9170599	0	161	0	1
Y	9400913	0	0	0	596
Y	9400928	1	0	670	0
Y	9400938	0	720	0	0
Y	9810794	0	0	0	554
Y	9847423	0	0	0	452
Y	9878915	0	1	0	0
Y	9878916	0	1	0	0
Y	9984992	0	0	13	0
Y	9986668	0	0	1	0
Y	10008614	0	76	0	0
Y	10008615	0	0	96	0
Y	13563083	0	12	0	0
Y	14001024	0	0	0	10
Y	14001197	0	266	0	0
Y	14001207	0	889	0	0
Y	14001208	0	1	0	529
Y	14001232	985	0	0	0
Y	14001289	0	0	35	0
Y	14001914	6	0	0	0
Y	14001964	0	0	24	0
Y	14028148	0	50	0	1
Y	14028149	0	0	51	0
Y	14028228	0	0	0	603
Y	14031334	0	0	0	323
Y	14060297	0	0	152	0
Y	14060308	117	0	0	0
Y	14061645	0	0	1	0
Y	14072309	0	0	18	0
Y	14096577	4	0	0	0
Y	14096578	0	0	0	4
Y	14116041	294	0	2	0
Y	14125631	1	0	1050	0
Y	14125645	0	1030	0	0
Y	14126006	2	0	1031	0
Y	14140208	0	0	0	3
Y	14140273	0	0	470	0
Y	14140277	0	0	0	281
Y	14140293	0	0	20	0
Y	14144911	482	0	0	0
Y	14159750	0	0	84	0
Y	14159846	0	67	0	0
Y	14159864	0	0	5	0
Y	14181842	0	0	28	0
Y	14181878	0	0	0	319
Y	14197621	0	0	1253	0
Y	14197631	2	0	1211	0
Y	14197867	1207	0	3	0
Y	14197960	0	0	36	0
Y	14197977	0	0	16	0
Y	14197992	0	39	0	0
Y	14198010	0	0	2	0
Y	14231273	4	0	0	0
Y	14231291	0	7	0	0
Y	14231292	0	0	7	0
Y	14281832	0	0	679	0
Y	14286528	0	0	682	0
Y	14301426	0	0	65	0
Y	14301470	0	0	240	0
Y	14301499	0	0	473	0
Y	14301501	330	0	0	0
Y	14307827	1	0	0	0
Y	14367201	184	0	0	0
Y	14401486	0	208	0	0
Y	14432928	0	0	333	0
Y	14477396	0	361	0	0
Y	14477397	0	0	364	0
Y	14477408	327	0	0	0
Y	14477437	0	297	0	0
Y	14481729	0	0	218	0
Y	14481731	0	180	0	0
Y	14482042	0	253	0	0
Y	14482079	0	0	144	0
Y	14484494	0	0	1	0
Y	14486667	0	0	0	195
Y	14495229	0	0	0	40
Y	14495243	0	0	0	20
Y	14495249	0	0	0	20
Y	14495251	0	0	75	0
Y	14496387	0	18	0	0
Y	14496407	10	0	0	0
Y	14496439	0	0	0	15
Y	14496441	0	0	16	0
Y	14496448	3	0	0	0
Y	14497168	0	822	0	0
Y	14497207	579	0	0	0
Y	14544130	0	0	0	307
Y	14555305	0	176	0	0
Y	14570424	0	0	0	431
Y	14570480	0	40	0	0
Y	14587625	0	0	302	0
Y	14587658	0	1	0	586
Y	14587694	0	37	0	0
Y	14640715	424	0	0	0
Y	14641164	0	0	1	0
Y	14641193	0	0	0	21
Y	14692227	0	0	0	3
Y	14698928	0	1194	0	1
Y	14727396	0	15	0	0
Y	14727442	0	0	23	0
Y	14790163	519	0	0	0
Y	14802013	0	2	0	0
Y	14813913	0	0	1	0
Y	14813972	0	0	269	0
Y	14813991	0	0	0	260
Y	14819693	0	0	25	0
Y	14838700	0	536	0	0
Y	14847792	118	0	0	0
Y	14847801	181	0	0	0
Y	14850314	0	0	0	132
Y	14850341	0	0	0	165
Y	14850365	0	0	0	3
Y	14850853	0	779	0	0
Y	14850904	0	0	788	0
Y	14850935	0	291	0	0
Y	14850960	0	0	0	288
Y	14851526	0	82	0	0
Y	14851538	0	0	0	56
Y	14851554	0	0	0	93
Y	14863157	0	0	1	0
Y	14869076	0	33	0	0
Y	14869743	0	1156	0	0
Y	14869766	1	0	1206	0
Y	14871914	14	0	0	0
Y	14871922	0	0	0	4
Y	14871952	14	0	0	0
Y	14871976	0	9	0	0
Y	14896020	306	0	1	0
Y	14898163	0	0	150	0
Y	14902414	0	0	84	0
Y	14902417	0	109	0	0
Y	14902456	13	0	0	0
Y	14922583	0	0	0	227
Y	14923438	0	0	29	0
Y	14923444	0	25	0	0
Y	14924869	0	152	0	0
Y	14937828	0	45	0	0
Y	14954280	0	0	0	15
Y	14968527	291	0	0	0
Y	14968529	65	0	0	0
Y	14969634	0	0	0	37
Y	14991735	0	0	535	0
Y	15012711	0	0	1	0
Y	15012811	0	0	4	0
Y	15014219	0	0	701	0
Y	15014262	0	250	0	0
Y	15014550	0	0	0	280
Y	15014716	0	396	0	1
Y	15018431	0	59	0	0
Y	15018436	0	0	51	0
Y	15018459	0	0	29	0
Y	15018495	50	0	0	0
Y	15018501	0	0	56	0
Y	15018582	0	649	0	0
Y	15018619	0	1	0	291
Y	15018672	0	0	0	554
Y	15019573	0	0	0	283
Y	15019613	0	0	0	316
Y	15019623	0	0	0	394
Y	15022707	0	668	0	0
Y	15022777	11	0	0	0
Y	15023195	0	258	0	0
Y	15023314	251	0	0	0
Y	15023364	0	0	0	235
Y	15026395	0	0	0	2
Y	15026424	0	54	0	0
Y	15027433	123	0	1	0
Y	15027454	146	0	0	0
Y	15027507	122	0	0	0
Y	15027529	0	0	67	0
Y	15030682	0	90	0	0
Y	15030739	51	0	0	0
Y	15030752	0	84	0	0
Y	15030767	0	0	0	6
Y	15058878	314	1	0	0
Y	15063588	0	1	0	501
Y	15124072	0	0	0	1
Y	15204870	0	0	325	0
Y	15204887	0	0	436	0
Y	15223469	0	0	2	0
Y	15333149	0	632	0	0
Y	15339697	0	0	0	261
Y	15339705	0	0	256	0
Y	15382783	1	0	0	0
Y	15382818	0	0	1	0
Y	15391282	0	0	1	0
Y	15409573	0	487	0	0
Y	15422922	0	113	0	0
Y	15422962	0	37	0	0
Y	15426000	0	155	0	0
Y	15426005	0	166	0	0
Y	15426034	0	0	0	162
Y	15437015	0	668	0	0
Y	15437050	833	0	0	0
Y	15437063	0	711	0	0
Y	15437088	0	0	0	830
Y	15437220	0	6	0	0
Y	15437333	88	0	1	0
Y	15437564	0	5	0	0
Y	15467768	0	0	184	0
Y	15467785	1	0	0	59
Y	15467824	340	0	1	0
Y	15469724	0	0	32	0
Y	15469740	0	34	0	0
Y	15471925	0	1	0	771
Y	15472846	0	6	0	0
Y	15472863	0	0	0	6
Y	15499572	0	0	256	0
Y	15499645	0	0	222	0
Y	15502430	0	0	0	214
Y	15502461	0	2	0	459
Y	15502485	0	0	0	542
Y	15508135	3	0	0	0
Y	15508140	0	0	0	4
Y	15527969	0	1	0	0
Y	15528084	0	0	0	1
Y	15541217	0	1	0	587
Y	15541227	0	0	0	578
Y	15541399	0	110	0	0
Y	15574052	0	0	1	0
Y	15574102	0	0	44	0
Y	15574107	42	0	0	0
Y	15575762	0	2	0	441
Y	15575780	736	0	2	0
Y	15575790	553	0	0	0
Y	15576131	0	0	0	518
Y	15576183	1	0	697	0
Y	15576190	0	0	418	0
Y	15576203	0	700	0	0
Y	15581983	0	0	28	0
Y	15587509	0	0	0	140
Y	15587574	103	0	0	0
Y	15591445	0	1	0	204
Y	15591446	0	166	0	0
Y	15591447	0	202	0	0
Y	15591474	0	0	0	155
Y	15591537	0	0	134	0
Y	15591548	87	0	0	0
Y	15604862	0	10	0	0
Y	15604899	0	18	0	0
Y	15604917	10	0	0	0
Y	15615340	0	319	0	0
Y	15642141	0	0	144	0
Y	15642157	0	159	0	0
Y	15654428	0	798	0	1
Y	15660453	119	0	0	0
Y	15660495	427	0	0	0
Y	15668028	0	0	0	119
Y	15668070	18	0	0	0
Y	15683936	0	0	0	374
Y	15702775	0	0	0	167
Y	15711324	0	656	0	0
Y	15711340	0	565	0	0
Y	15748250	0	273	0	0
Y	15770752	0	0	1	0
Y	15780341	1	0	0	0
Y	15833180	0	0	501	0
Y	15850306	0	0	113	0
Y	15974599	1	0	0	0
Y	15978842	0	0	11	0
Y	15978855	0	0	4	0
Y	15999177	0	10	0	0
Y	15999244	0	0	10	0
Y	16077413	0	1	0	0
Y	16222561	0	1	0	528
Y	16227302	0	0	71	0
Y	16227318	0	63	0	0
Y	16248514	0	0	0	1
Y	16248523	1	0	0	0
Y	16251357	0	0	173	0
Y	16253694	0	0	870	0
Y	16256046	0	532	0	0
Y	16256048	1	0	563	0
Y	16310688	0	357	0	0
Y	16310705	0	0	227	0
Y	16320197	0	692	0	0
Y	16320206	0	489	0	0
Y	16354708	0	0	701	0
Y	16370815	0	1	0	0
Y	16370816	0	0	0	1
Y	16370818	0	1	0	0
Y	16374426	0	613	0	0
Y	16374450	3	0	255	0
Y	16453062	0	0	90	0
Y	16453076	0	0	95	0
Y	16453077	0	78	0	0
Y	16454755	0	0	368	0
Y	16471001	0	384	0	0
Y	16474775	0	0	520	0
Y	16474793	0	0	501	0
Y	16485854	0	1	0	0
Y	16485902	0	0	1	0
Y	16492165	0	2	0	0
Y	16492197	150	0	0	0
Y	16520444	0	0	0	353
Y	16520490	131	0	0	0
Y	16520924	0	1	0	0
Y	16534498	0	1	0	0
Y	16534516	0	0	0	1
Y	16596916	0	396	0	0
Y	16596926	0	0	396	0
Y	16596946	350	0	0	0
Y	16638765	19	0	0	0
Y	16638804	58	0	0	0
Y	16661010	0	0	546	0
Y	16696292	0	0	2	0
Y	16699096	0	0	5	0
Y	16699291	231	0	0	0
Y	16802392	1	0	0	0
Y	16839462	0	1	0	0
Y	16839499	0	0	59	0
Y	16850779	337	0	0	0
Y	16889964	0	0	0	355
Y	16889973	0	0	0	179
Y	16890002	1	0	270	0
Y	16890020	273	0	0	0
Y	16992602	0	0	0	45
Y	17174741	6	0	0	0
Y	17287868	0	98	0	0
Y	17287913	0	0	0	111
Y	17293093	0	438	0	1
Y	17294958	0	584	0	0
Y	17309267	0	0	65	0
Y	17331881	0	1	0	0
Y	17398598	0	0	0	7
Y	17398632	4	0	0	0
Y	17419909	0	0	17	0
Y	17419910	0	0	34	0
Y	17419925	43	0	0	0
Y	17419934	0	0	0	35
Y	17421318	0	399	0	0
Y	17421349	1	0	337	0
Y	17423320	0	668	0	0
Y	17423432	0	0	662	0
Y	17434361	450	0	0	0
Y	17443720	34	0	0	0
Y	17443755	0	0	37	0
Y	17516070	0	153	0	1
Y	17516095	0	0	87	0
Y	17516123	0	0	0	115
Y	17547333	156	0	0	0
Y	17571016	0	0	0	64
Y	17585001	0	16	0	0
Y	17657518	4	0	0	0
Y	17657530	15	0	0	0
Y	17657626	0	25	0	0
Y	17661226	0	0	407	0
Y	17661248	0	424	0	1
Y	17661303	0	322	0	0
Y	17661323	0	422	0	0
Y	17766762	0	0	0	49
Y	17766807	0	0	0	29
Y	17774409	0	0	536	0
Y	17844001	0	0	0	389
Y	17844018	0	464	0	0
Y	17844264	0	11	0	0
Y	17844304	0	32	0	0
Y	17846704	0	343	0	0
Y	17846754	0	0	288	0
Y	17846769	0	0	0	193
Y	17846784	0	0	0	363
Y	17863355	0	0	37	0
Y	17880466	0	62	0	0
Y	17880509	0	27	0	0
Y	17885569	0	168	0	0
Y	17885577	0	149	0	0
Y	17885612	0	0	42	0
Y	17917389	0	0	377	0
Y	17917402	0	0	420	0
Y	17917449	0	0	134	0
Y	17922024	0	556	0	0
Y	17922027	0	593	0	0
Y	17922058	0	324	0	0
Y	17922066	0	0	482	0
Y	17947672	32	0	0	0
Y	18021350	0	704	0	0
Y	18023391	0	0	411	0
Y	18043703	0	0	0	15
Y	18099033	0	527	0	0
Y	18099054	0	600	0	0
Y	18099063	388	0	2	0
Y	18146985	3	0	0	0
Y	18175765	0	0	414	0
Y	18182276	0	592	0	0
Y	18182306	0	0	225	0
Y	18234588	0	228	0	0
Y	18248698	0	0	423	0
Y	18248829	0	0	502	0
Y	18248830	0	0	284	0
Y	18255814	0	283	0	0
Y	18260723	0	0	0	1
Y	18405864	0	0	0	2
Y	18560005	0	0	0	444
Y	18570919	0	0	900	0
Y	18571026	496	0	0	0
Y	18622326	0	0	177	0
Y	18656470	0	0	0	292
Y	18656482	0	486	0	0
Y	18656508	0	625	0	0
Y	18700150	0	787	0	0
Y	18700177	0	0	0	612
Y	18732197	598	0	1	0
Y	18747493	0	0	6	0
Y	18759636	0	60	0	0
Y	18759669	0	0	0	120
Y	18759690	0	100	0	0
Y	18759708	63	0	0	0
Y	18760081	0	0	29	0
Y	18842801	0	0	7	0
Y	18842841	0	0	7	0
Y	18862893	0	0	0	1
Y	18865395	0	0	0	2
Y	18870223	0	0	0	258
Y	18877315	0	0	2	0
Y	18881280	0	170	0	0
Y	18881281	0	0	155	0
Y	18887888	0	1	0	344
Y	18887936	0	0	0	87
Y	18888200	0	844	0	0
Y	18888218	0	1	903	0
Y	18907236	0	639	0	0
Y	18942397	0	0	0	204
Y	18942433	0	437	0	0
Y	18942523	4	0	0	0
Y	19020340	0	641	0	0
Y	19020366	786	0	0	0
Y	19033785	0	95	0	0
Y	19033817	0	0	1	216
Y	19047091	0	0	0	18
Y	19047132	0	144	0	0
Y	19054889	0	0	0	724
Y	19068733	413	0	0	0
Y	19068737	0	0	329	0
Y	19068749	0	0	582	0
Y	19092559	0	350	0	0
Y	19092576	0	0	0	238
Y	19092597	0	0	251	0
Y	19092598	0	212	0	0
Y	19092611	0	197	0	0
Y	19092633	317	0	0	0
Y	19092665	199	0	0	0
Y	19092678	0	219	0	0
Y	19092679	2	0	228	0
Y	19092705	5	0	0	0
Y	19096091	0	0	632	0
Y	19096343	0	0	4	0
Y	19096363	0	0	925	0
Y	19096384	0	1	0	473
Y	19136806	0	0	23	0
Y	19136820	0	26	0	0
Y	19136821	26	0	0	0
Y	19136822	0	0	0	29
Y	19136865	0	2	0	0
Y	19136888	0	0	31	0
Y	19179335	0	0	0	30
Y	19179436	0	0	0	484
Y	19179463	0	0	576	0
Y	19179466	0	0	0	350
Y	19189694	0	1	0	0
Y	19219721	658	0	0	0
Y	19219752	0	1	0	794
Y	19232126	0	1021	0	0
Y	19232134	0	0	1002	0
Y	19232160	0	1017	0	1
Y	19255848	0	116	0	0
Y	19255890	0	0	252	0
Y	19372808	0	14	0	0
Y	19383320	0	0	609	0
Y	19383325	0	690	0	0
Y	19383344	0	2	0	320
Y	19383352	0	655	0	0
Y	19413414	0	0	2	0
Y	19431565	0	0	0	549
Y	19431584	1	0	635	0
Y	19431608	112	0	0	0
Y	20834667	0	509	0	2
Y	20834703	0	600	0	0
Y	21033741	0	47	0	0
Y	21033747	0	0	0	50
Y	21043446	0	0	0	38
Y	21043448	0	0	0	33
Y	21083413	0	0	0	17
Y	21083420	0	0	0	6
Y	21183643	0	0	51	0
Y	21225770	0	124	0	0
Y	21253443	1138	0	1	0
Y	21255026	1	0	0	0
Y	21285962	534	0	0	0
Y	21286248	0	314	0	0
Y	21286254	0	475	0	0
Y	21286267	0	0	457	0
Y	21288655	0	0	349	0
Y	21326659	0	0	1	0
Y	21326694	0	1	0	0
Y	21364637	0	0	0	189
Y	21364671	0	181	0	1
Y	21364708	0	133	0	0
Y	21463326	0	10	0	0
Y	21527071	0	0	870	0
Y	21527090	0	0	855	0
Y	21609907	0	596	0	0
Y	21609946	0	713	0	0
Y	21610585	0	103	0	0
Y	21610831	0	0	649	0
Y	21610853	0	5	0	0
Y	21612167	0	0	580	0
Y	21628267	0	10	0	0
Y	21628300	0	0	246	0
Y	21628667	0	0	0	566
Y	21628682	0	0	582	0
Y	21642296	0	0	12	0
Y	21645348	0	0	0	169
Y	21645360	0	237	0	0
Y	21645555	0	0	294	0
Y	21646058	0	0	0	175
Y	21646387	0	0	0	280
Y	21646398	0	0	291	0
Y	21674327	254	0	0	0
Y	21706626	3	0	0	0
Y	21716324	0	0	0	100
Y	21716366	0	65	0	0
Y	21717208	0	651	0	0
Y	21717227	0	0	0	679
Y	21717306	0	140	0	0
Y	21717307	0	0	139	0
Y	21722098	0	0	1	0
Y	21722119	1	0	0	0
Y	21722268	0	0	0	1
Y	21723218	0	0	1	165
Y	21724678	0	382	0	4
Y	21729827	406	0	0	0
Y	21729839	0	1	0	604
Y	21730217	1	0	0	0
Y	21730257	0	0	10	0
Y	21733231	0	0	0	935
Y	21733257	0	0	864	0
Y	21733436	0	211	0	0
Y	21733454	354	0	0	0
Y	21739625	943	0	0	0
Y	21739646	0	968	0	0
Y	21739651	0	649	0	0
Y	21739660	0	0	1006	0
Y	21739754	0	0	893	0
Y	21739790	0	0	0	737
Y	21739815	0	0	2	0
Y	21740436	0	0	0	49
Y	21740450	50	0	0	0
Y	21740716	0	0	150	0
Y	21741703	1	0	479	0
Y	21741755	0	615	0	0
Y	21742084	530	0	0	0
Y	21742158	0	0	0	329
Y	21749839	0	3	0	0
Y	21749881	90	0	1	0
Y	21749887	58	0	0	0
Y	21749950	0	67	0	0
Y	21752603	2	0	0	0
Y	21752644	0	0	15	0
Y	21753199	7	0	0	0
Y	21757306	0	0	0	750
Y	21757316	0	0	0	390
Y	21762685	0	0	0	10
Y	21762715	0	13	0	0
Y	21763755	1029	0	0	0
Y	21763965	0	0	0	170
Y	21764431	0	1	0	438
Y	21764458	954	0	1	0
Y	21764500	0	432	0	1
Y	21764501	0	0	663	0
Y	21764586	0	1125	0	0
Y	21764674	612	0	1	0
Y	21764694	0	54	0	0
Y	21765281	0	0	0	5
Y	21767959	0	116	0	0
Y	21767963	0	0	179	0
Y	21774180	0	0	450	0
Y	21778662	0	0	878	0
Y	21778710	984	0	0	0
Y	21778713	65	0	0	0
Y	21778936	0	0	0	7
Y	21778964	17	0	0	0
Y	21778998	0	16	0	0
Y	21827692	0	0	21	0
Y	21827747	0	0	41	0
Y	21827794	58	0	0	0
Y	21843827	551	0	0	0
Y	21843875	0	650	0	0
Y	21865776	154	0	0	0
Y	21865821	0	0	517	0
Y	21866303	0	0	0	77
Y	21866424	64	0	0	0
Y	21866491	0	300	0	0
Y	21866497	0	0	121	0
Y	21866664	0	0	8	0
Y	21866840	0	0	0	42
Y	21867787	10	0	0	0
Y	21868068	0	414	0	0
Y	21868591	0	0	0	95
Y	21868651	2	0	1	0
Y	21868672	0	0	0	83
Y	21868726	0	0	0	85
Y	21868863	0	0	424	0
Y	21869494	0	20	0	0
Y	21869519	0	29	0	0
Y	21872679	0	400	0	0
Y	21872738	0	0	0	700
Y	21878699	0	0	36	0
Y	21878700	36	0	0	0
Y	21878708	0	0	32	0
Y	21878809	71	0	0	0
Y	21878825	0	79	0	0
Y	21878855	43	0	0	0
Y	21881111	324	0	0	0
Y	21881115	0	214	0	0
Y	21889536	0	0	26	0
Y	21889618	17	0	0	0
Y	21889710	0	0	0	9
Y	21889767	3	0	0	0
Y	21889818	0	0	7	0
Y	21890013	0	3	0	0
Y	21890016	2	0	0	0
Y	21890023	0	0	60	0
Y	21890111	0	0	0	72
Y	21890141	50	0	0	0
Y	21890177	0	0	69	0
Y	21892572	0	55	0	0
Y	21893299	0	0	0	10
Y	21893300	0	0	0	17
Y	21893303	0	14	0	0
Y	21893852	0	575	0	0
Y	21893864	0	594	0	0
Y	21893881	380	0	0	0
Y	21893908	0	0	0	702
Y	21894058	0	0	0	799
Y	21896200	0	0	0	331
Y	21896216	0	311	0	0
Y	21896248	0	0	425	0
Y	21896261	0	0	454	0
Y	21900794	0	0	26	0
Y	21900849	852	0	0	0
Y	21900852	0	0	0	712
Y	21903853	0	0	609	0
Y	21904023	0	0	0	12
Y	21904063	5	0	0	0
Y	21907081	0	0	713	0
Y	21907097	0	0	0	224
Y	21907333	0	550	0	0
Y	21907394	0	0	0	943
Y	21917313	0	0	0	208
Y	21925447	0	0	0	6
Y	21925500	0	0	0	11
Y	21925528	7	0	0	0
Y	21925547	9	0	0	0
Y	21926112	0	0	1	0
Y	21926143	0	0	10	0
Y	21930259	176	0	0	0
Y	21930287	0	0	0	225
Y	21932926	591	1	1	0
Y	21932935	0	0	0	878
Y	21938444	0	866	0	0
Y	21940316	0	357	0	0
Y	21940347	313	0	0	0
Y	21970862	0	0	733	0
Y	21976303	0	0	0	220
Y	22007097	0	539	0	1
Y	22020653	1	0	0	0
Y	22020795	0	0	0	1
Y	22068934	0	0	1	0
Y	22072097	1	0	892	0
Y	22072152	0	20	0	0
Y	22092373	0	0	2	0
Y	22157292	0	0	0	18
Y	22157311	278	0	0	0
Y	22178569	0	0	332	0
Y	22187198	0	3	0	0
Y	22191243	6	0	0	0
Y	22191257	0	0	876	0
Y	22191266	0	871	0	0
Y	22191274	332	0	1	0
Y	22191276	41	1	1	0
Y	22293941	0	1	0	0
Y	22464564	0	0	2	0
Y	22485356	0	0	110	0
Y	22513696	0	0	21	0
Y	22513718	0	109	0	0
Y	22513726	189	0	0	0
Y	22583561	0	0	0	128
Y	22587716	0	1	0	0
Y	22711493	0	0	121	0
Y	22711529	0	0	0	37
Y	22711592	157	0	0	0
Y	22735599	0	0	1519	0
Y	22739301	78	0	0	0
Y	22739367	0	23	0	0
Y	22741728	0	0	0	35
Y	22741740	0	0	43	0
Y	22741784	0	0	1	0
Y	22741795	0	30	0	0
Y	22741799	2	0	722	2
Y	22741818	0	0	0	647
Y	22741821	0	0	1052	0
Y	22741850	0	1168	0	1
Y	22741880	0	0	1141	0
Y	22743288	0	0	1	0
Y	22744939	0	1	0	199
Y	22744945	0	0	0	70
Y	22749853	93	0	0	0
Y	22750552	0	0	0	11
Y	22750583	79	0	1	0
Y	22750951	1	0	779	0
Y	22751857	145	0	0	0
Y	22751863	0	150	0	0
Y	22752710	58	0	0	0
Y	22752711	30	0	0	0
Y	22797639	0	151	0	0
Y	22823155	575	0	0	0
Y	22823184	0	0	36	0
Y	22843909	1	0	0	0
Y	22914979	0	0	372	0
Y	22917963	0	0	0	37
Y	22917995	0	167	0	0
Y	22942897	0	0	0	569
Y	22957408	0	307	0	0
Y	22971392	0	305	0	0
Y	22971483	0	5	0	0
Y	22974783	3	0	0	0
Y	23009978	0	181	0	0
Y	23009991	1	0	197	0
Y	23021633	0	0	519	0
Y	23021666	793	0	0	0
Y	23023974	0	333	0	0
Y	23120297	0	49	0	0
Y	23120322	0	329	0	0
Y	23120337	0	0	483	0
Y	23154183	0	420	0	1
Y	23154201	102	0	0	0
Y	23154209	97	0	1	0
Y	23243887	0	0	320	0
Y	23243897	0	0	1	20
Y	23243909	1	0	281	0
Y	23243941	0	0	303	0
Y	23243942	0	286	0	0
Y	23244026	0	797	0	1
Y	23244027	0	0	650	0
Y	23244049	0	735	0	0
Y	23292782	0	0	20	0
Y	23383613	0	0	0	2
Y	23383729	0	597	0	0
Y	23391298	0	0	0	29
Y	23391307	0	0	47	0
Y	23444054	0	0	0	422
Y	23496331	0	656	0	0
Y	23496333	0	0	742	0
Y	23496396	633	0	0	0
Y	23497067	0	156	0	0
Y	23550924	0	586	0	0
Y	23550935	1	0	547	0
Y	23550955	0	0	462	0
Y	23617006	0	0	305	0
Y	23627289	0	78	0	0
Y	23635646	0	15	0	0
Y	23761181	1	0	0	0
Y	23952581	0	0	2	0
Y	23956870	0	862	0	1
Y	23973367	0	11	0	0
Y	23973415	0	0	15	0
Y	23973594	0	0	0	325
Y	23973615	262	0	0	0
Y	23973630	0	0	194	0
Y	24415893	0	1	0	0
Y	24415900	1	0	0	0
Y	28680881	0	0	1	0
Y	28731917	0	2	0	0
Y	28733044	0	24	0	0
Y	28733101	0	0	25	0
Y	28759645	0	245	0	0
